cap1,cap2,cap3,cap4,cap5,year,Bishop,patch.no
6,6,6,NA,NA,1994,1,1
6,1,4,NA,NA,1994,1,2
6,6,1,6,NA,1994,1,3
6,6,6,NA,NA,1994,1,4
6,2,6,NA,NA,1994,1,5
6,4,4,2,6,1994,1,6
6,6,4,NA,NA,1994,1,7
2,2,NA,NA,NA,1994,1,8
1,6,4,4,4,1994,1,9
2,6,NA,NA,NA,1994,1,10
1,1,6,NA,NA,1994,1,11
1,1,6,1,1,1994,1,12
6,6,NA,NA,NA,1994,0,13
6,NA,NA,NA,NA,1994,0,14
1,6,NA,NA,NA,1994,0,15
6,2,NA,NA,NA,1994,0,16
6,NA,NA,NA,NA,1994,0,17
3,2,6,NA,NA,1994,0,18
6,6,NA,NA,NA,1994,0,19
6,1,4,NA,NA,1994,0,20
4,6,NA,NA,NA,1994,0,21
6,6,NA,NA,NA,1994,0,22
6,NA,NA,NA,NA,1994,0,23
6,6,NA,NA,NA,1994,0,24
6,NA,NA,NA,NA,1994,0,25
6,NA,NA,NA,NA,1994,0,26
6,NA,NA,NA,NA,1994,0,27
6,NA,NA,NA,NA,1994,0,28
6,NA,NA,NA,NA,1994,0,29
6,NA,NA,NA,NA,1994,0,30
6,1,NA,NA,NA,1994,0,31
6,NA,NA,NA,NA,1994,0,32
2,6,NA,NA,NA,1994,0,33
6,6,NA,NA,NA,1994,0,34
6,6,NA,NA,NA,1994,0,35
2,3,NA,NA,NA,1994,0,36
2,NA,NA,NA,NA,1994,0,37
6,NA,NA,NA,NA,1994,0,38
6,NA,NA,NA,NA,1994,0,39
6,6,NA,NA,NA,1994,0,40
2,6,NA,NA,NA,1994,0,41
5,NA,NA,NA,NA,1994,0,42
4,2,NA,NA,NA,1994,0,43
4,NA,NA,NA,NA,1994,0,44
2,2,NA,NA,NA,1994,0,45
6,NA,NA,NA,NA,1994,0,46
6,6,NA,NA,NA,1994,0,47
6,NA,NA,NA,NA,1994,0,48
2,NA,NA,NA,NA,1994,0,49
6,NA,NA,NA,NA,1994,0,50
6,NA,NA,NA,NA,1994,0,51
NA,NA,NA,NA,NA,1994,0,52
6,NA,NA,NA,NA,1994,0,53
2,NA,NA,NA,NA,1994,0,54
4,NA,NA,NA,NA,1994,0,55
2,NA,NA,NA,NA,1994,0,56
6,6,6,NA,NA,1994,0,57
6,NA,NA,NA,NA,1994,0,58
NA,NA,NA,NA,NA,1994,0,59
2,NA,NA,NA,NA,1994,0,60
NA,NA,NA,NA,NA,1994,0,61
NA,NA,NA,NA,NA,1994,0,62
2,2,NA,NA,NA,1994,0,63
6,NA,NA,NA,NA,1994,0,64
NA,NA,NA,NA,NA,1995,1,1
1,1,1,NA,NA,1995,1,2
6,2,6,4,NA,1995,1,3
NA,NA,NA,NA,NA,1995,1,4
6,6,6,NA,NA,1995,1,5
6,6,6,NA,NA,1995,1,6
4,1,4,NA,NA,1995,1,7
4,4,NA,NA,NA,1995,1,8
1,6,6,4,1,1995,1,9
4,1,NA,NA,NA,1995,1,10
1,1,1,NA,NA,1995,1,11
6,6,6,6,6,1995,1,12
6,6,NA,NA,NA,1995,0,13
6,NA,NA,NA,NA,1995,0,14
6,NA,NA,NA,NA,1995,0,15
3,6,NA,NA,NA,1995,0,16
6,NA,NA,NA,NA,1995,0,17
3,2,4,NA,NA,1995,0,18
6,NA,NA,NA,NA,1995,0,19
6,1,NA,NA,NA,1995,0,20
4,4,NA,NA,NA,1995,0,21
6,6,NA,NA,NA,1995,0,22
6,NA,NA,NA,NA,1995,0,23
6,6,NA,NA,NA,1995,0,24
1,NA,NA,NA,NA,1995,0,25
6,NA,NA,NA,NA,1995,0,26
1,NA,NA,NA,NA,1995,0,27
6,NA,NA,NA,NA,1995,0,28
1,NA,NA,NA,NA,1995,0,29
6,NA,NA,NA,NA,1995,0,30
6,4,NA,NA,NA,1995,0,31
6,6,NA,NA,NA,1995,0,32
6,1,NA,NA,NA,1995,0,33
3,3,3,NA,NA,1995,0,34
6,6,NA,NA,NA,1995,0,35
3,3,NA,NA,NA,1995,0,36
1,NA,NA,NA,NA,1995,0,37
6,NA,NA,NA,NA,1995,0,38
6,NA,NA,NA,NA,1995,0,39
6,6,NA,NA,NA,1995,0,40
1,2,NA,NA,NA,1995,0,41
3,NA,NA,NA,NA,1995,0,42
4,4,NA,NA,NA,1995,0,43
6,NA,NA,NA,NA,1995,0,44
4,5,NA,NA,NA,1995,0,45
6,NA,NA,NA,NA,1995,0,46
6,6,NA,NA,NA,1995,0,47
6,NA,NA,NA,NA,1995,0,48
6,NA,NA,NA,NA,1995,0,49
6,NA,NA,NA,NA,1995,0,50
6,6,NA,NA,NA,1995,0,51
6,NA,NA,NA,NA,1995,0,52
6,NA,NA,NA,NA,1995,0,53
6,NA,NA,NA,NA,1995,0,54
NA,NA,NA,NA,NA,1995,0,55
3,NA,NA,NA,NA,1995,0,56
3,6,NA,NA,NA,1995,0,57
6,NA,NA,NA,NA,1995,0,58
NA,NA,NA,NA,NA,1995,0,59
6,NA,NA,NA,NA,1995,0,60
NA,NA,NA,NA,NA,1995,0,61
NA,NA,NA,NA,NA,1995,0,62
2,2,2,NA,NA,1995,0,63
6,NA,NA,NA,NA,1995,0,64
1,4,1,NA,NA,1996,1,1
6,6,6,NA,NA,1996,1,2
2,2,2,2,NA,1996,1,3
NA,NA,NA,NA,NA,1996,1,4
4,1,4,NA,NA,1996,1,5
5,1,4,5,1,1996,1,6
4,1,5,NA,NA,1996,1,7
6,6,NA,NA,NA,1996,1,8
4,6,6,1,1,1996,1,9
4,5,NA,NA,NA,1996,1,10
1,1,1,NA,NA,1996,1,11
6,6,6,6,1,1996,1,12
6,6,NA,NA,NA,1996,0,13
6,NA,NA,NA,NA,1996,0,14
6,NA,NA,NA,NA,1996,0,15
6,2,NA,NA,NA,1996,0,16
6,NA,NA,NA,NA,1996,0,17
3,6,4,NA,NA,1996,0,18
6,NA,NA,NA,NA,1996,0,19
6,1,NA,NA,NA,1996,0,20
5,4,NA,NA,NA,1996,0,21
6,6,NA,NA,NA,1996,0,22
6,NA,NA,NA,NA,1996,0,23
6,6,NA,NA,NA,1996,0,24
1,NA,NA,NA,NA,1996,0,25
6,NA,NA,NA,NA,1996,0,26
6,NA,NA,NA,NA,1996,0,27
6,NA,NA,NA,NA,1996,0,28
6,NA,NA,NA,NA,1996,0,29
6,6,6,NA,NA,1996,0,30
6,6,NA,NA,NA,1996,0,31
6,6,NA,NA,NA,1996,0,32
3,6,NA,NA,NA,1996,0,33
3,6,6,NA,NA,1996,0,34
6,6,NA,NA,NA,1996,0,35
6,2,NA,NA,NA,1996,0,36
6,NA,NA,NA,NA,1996,0,37
6,NA,NA,NA,NA,1996,0,38
6,NA,NA,NA,NA,1996,0,39
6,6,NA,NA,NA,1996,0,40
6,6,NA,NA,NA,1996,0,41
2,NA,NA,NA,NA,1996,0,42
4,6,NA,NA,NA,1996,0,43
6,4,NA,NA,NA,1996,0,44
1,5,NA,NA,NA,1996,0,45
6,NA,NA,NA,NA,1996,0,46
6,6,NA,NA,NA,1996,0,47
6,NA,NA,NA,NA,1996,0,48
2,NA,NA,NA,NA,1996,0,49
6,NA,NA,NA,NA,1996,0,50
6,6,NA,NA,NA,1996,0,51
6,NA,NA,NA,NA,1996,0,52
6,NA,NA,NA,NA,1996,0,53
1,NA,NA,NA,NA,1996,0,54
1,NA,NA,NA,NA,1996,0,55
6,NA,NA,NA,NA,1996,0,56
6,6,NA,NA,NA,1996,0,57
6,NA,NA,NA,NA,1996,0,58
NA,NA,NA,NA,NA,1996,0,59
2,NA,NA,NA,NA,1996,0,60
NA,NA,NA,NA,NA,1996,0,61
6,NA,NA,NA,NA,1996,0,62
2,3,3,NA,NA,1996,0,63
6,4,NA,NA,NA,1996,0,64
NA,NA,NA,NA,NA,1997,1,1
1,6,1,NA,NA,1997,1,2
2,6,6,6,NA,1997,1,3
NA,NA,NA,NA,NA,1997,1,4
NA,NA,NA,NA,NA,1997,1,5
6,6,6,NA,NA,1997,1,6
6,6,6,NA,NA,1997,1,7
2,6,NA,NA,NA,1997,1,8
6,6,1,5,4,1997,1,9
4,4,NA,NA,NA,1997,1,10
1,4,4,NA,NA,1997,1,11
6,6,6,1,1,1997,1,12
6,6,NA,NA,NA,1997,0,13
6,NA,NA,NA,NA,1997,0,14
6,NA,NA,NA,NA,1997,0,15
6,6,NA,NA,NA,1997,0,16
6,NA,NA,NA,NA,1997,0,17
2,3,2,NA,NA,1997,0,18
6,6,6,NA,NA,1997,0,19
1,1,NA,NA,NA,1997,0,20
5,5,NA,NA,NA,1997,0,21
6,6,NA,NA,NA,1997,0,22
6,NA,NA,NA,NA,1997,0,23
6,6,NA,NA,NA,1997,0,24
6,NA,NA,NA,NA,1997,0,25
6,NA,NA,NA,NA,1997,0,26
6,NA,NA,NA,NA,1997,0,27
6,NA,NA,NA,NA,1997,0,28
6,NA,NA,NA,NA,1997,0,29
NA,NA,NA,NA,NA,1997,0,30
6,1,NA,NA,NA,1997,0,31
6,6,NA,NA,NA,1997,0,32
2,2,NA,NA,NA,1997,0,33
2,3,3,NA,NA,1997,0,34
6,6,NA,NA,NA,1997,0,35
3,6,NA,NA,NA,1997,0,36
2,NA,NA,NA,NA,1997,0,37
6,NA,NA,NA,NA,1997,0,38
2,NA,NA,NA,NA,1997,0,39
6,6,NA,NA,NA,1997,0,40
6,6,NA,NA,NA,1997,0,41
6,NA,NA,NA,NA,1997,0,42
2,6,NA,NA,NA,1997,0,43
6,6,NA,NA,NA,1997,0,44
4,2,NA,NA,NA,1997,0,45
6,NA,NA,NA,NA,1997,0,46
6,6,NA,NA,NA,1997,0,47
6,NA,NA,NA,NA,1997,0,48
6,NA,NA,NA,NA,1997,0,49
NA,NA,NA,NA,NA,1997,0,50
6,6,NA,NA,NA,1997,0,51
6,NA,NA,NA,NA,1997,0,52
2,NA,NA,NA,NA,1997,0,53
6,NA,NA,NA,NA,1997,0,54
1,NA,NA,NA,NA,1997,0,55
2,NA,NA,NA,NA,1997,0,56
3,6,NA,NA,NA,1997,0,57
6,NA,NA,NA,NA,1997,0,58
NA,NA,NA,NA,NA,1997,0,59
6,NA,NA,NA,NA,1997,0,60
NA,NA,NA,NA,NA,1997,0,61
6,6,6,NA,NA,1997,0,62
3,3,2,NA,NA,1997,0,63
6,6,NA,NA,NA,1997,0,64
NA,NA,NA,NA,NA,1998,1,1
4,4,1,NA,NA,1998,1,2
4,4,4,4,NA,1998,1,3
NA,NA,NA,NA,NA,1998,1,4
4,4,4,NA,NA,1998,1,5
4,5,5,4,3,1998,1,6
NA,5,4,NA,NA,1998,1,7
2,6,NA,NA,NA,1998,1,8
5,6,6,1,5,1998,1,9
4,1,NA,NA,NA,1998,1,10
1,5,6,NA,NA,1998,1,11
6,6,6,1,6,1998,1,12
NA,NA,NA,NA,NA,1998,0,13
6,NA,NA,NA,NA,1998,0,14
6,NA,NA,NA,NA,1998,0,15
5,3,NA,NA,NA,1998,0,16
6,NA,NA,NA,NA,1998,0,17
6,3,3,NA,NA,1998,0,18
6,NA,NA,NA,NA,1998,0,19
1,6,NA,NA,NA,1998,0,20
6,2,NA,NA,NA,1998,0,21
6,6,NA,NA,NA,1998,0,22
6,NA,NA,NA,NA,1998,0,23
NA,NA,NA,NA,NA,1998,0,24
5,NA,NA,NA,NA,1998,0,25
6,NA,NA,NA,NA,1998,0,26
6,NA,NA,NA,NA,1998,0,27
6,NA,NA,NA,NA,1998,0,28
6,NA,NA,NA,NA,1998,0,29
6,NA,NA,NA,NA,1998,0,30
6,1,NA,NA,NA,1998,0,31
6,6,NA,NA,NA,1998,0,32
3,3,NA,NA,NA,1998,0,33
3,6,2,NA,NA,1998,0,34
6,6,NA,NA,NA,1998,0,35
2,2,NA,NA,NA,1998,0,36
2,NA,NA,NA,NA,1998,0,37
6,NA,NA,NA,NA,1998,0,38
6,NA,NA,NA,NA,1998,0,39
6,6,NA,NA,NA,1998,0,40
6,6,NA,NA,NA,1998,0,41
6,NA,NA,NA,NA,1998,0,42
4,4,NA,NA,NA,1998,0,43
4,1,NA,NA,NA,1998,0,44
2,3,NA,NA,NA,1998,0,45
6,NA,NA,NA,NA,1998,0,46
6,6,NA,NA,NA,1998,0,47
6,NA,NA,NA,NA,1998,0,48
6,NA,NA,NA,NA,1998,0,49
6,6,6,NA,NA,1998,0,50
6,6,NA,NA,NA,1998,0,51
6,NA,NA,NA,NA,1998,0,52
3,NA,NA,NA,NA,1998,0,53
1,NA,NA,NA,NA,1998,0,54
1,NA,NA,NA,NA,1998,0,55
6,NA,NA,NA,NA,1998,0,56
6,6,NA,NA,NA,1998,0,57
6,NA,NA,NA,NA,1998,0,58
NA,NA,NA,NA,NA,1998,0,59
2,NA,NA,NA,NA,1998,0,60
6,NA,NA,NA,NA,1998,0,61
NA,NA,NA,NA,NA,1998,0,62
3,2,2,NA,NA,1998,0,63
6,6,NA,NA,NA,1998,0,64
NA,NA,NA,NA,NA,1999,1,1
1,1,6,NA,NA,1999,1,2
1,2,6,6,NA,1999,1,3
NA,NA,NA,NA,NA,1999,1,4
6,2,3,NA,NA,1999,1,5
6,6,6,6,6,1999,1,6
2,5,4,NA,NA,1999,1,7
2,2,NA,NA,NA,1999,1,8
1,1,6,4,1,1999,1,9
1,5,NA,NA,NA,1999,1,10
4,1,4,NA,NA,1999,1,11
6,6,6,6,6,1999,1,12
NA,NA,NA,NA,NA,1999,0,13
6,NA,NA,NA,NA,1999,0,14
6,NA,NA,NA,NA,1999,0,15
6,6,NA,NA,NA,1999,0,16
6,NA,NA,NA,NA,1999,0,17
6,3,5,NA,NA,1999,0,18
3,NA,NA,NA,NA,1999,0,19
1,2,NA,NA,NA,1999,0,20
2,2,NA,NA,NA,1999,0,21
6,NA,NA,NA,NA,1999,0,22
6,NA,NA,NA,NA,1999,0,23
NA,NA,NA,NA,NA,1999,0,24
2,NA,NA,NA,NA,1999,0,25
6,NA,NA,NA,NA,1999,0,26
6,NA,NA,NA,NA,1999,0,27
6,NA,NA,NA,NA,1999,0,28
6,NA,NA,NA,NA,1999,0,29
6,6,6,NA,NA,1999,0,30
1,2,NA,NA,NA,1999,0,31
6,NA,NA,NA,NA,1999,0,32
3,3,NA,NA,NA,1999,0,33
2,2,2,NA,NA,1999,0,34
6,6,NA,NA,NA,1999,0,35
3,3,NA,NA,NA,1999,0,36
6,NA,NA,NA,NA,1999,0,37
6,NA,NA,NA,NA,1999,0,38
6,NA,NA,NA,NA,1999,0,39
6,6,NA,NA,NA,1999,0,40
6,6,NA,NA,NA,1999,0,41
6,NA,NA,NA,NA,1999,0,42
4,6,NA,NA,NA,1999,0,43
6,6,NA,NA,NA,1999,0,44
2,3,NA,NA,NA,1999,0,45
6,NA,NA,NA,NA,1999,0,46
6,6,NA,NA,NA,1999,0,47
6,NA,NA,NA,NA,1999,0,48
2,NA,NA,NA,NA,1999,0,49
6,NA,NA,NA,NA,1999,0,50
6,6,NA,NA,NA,1999,0,51
6,NA,NA,NA,NA,1999,0,52
6,NA,NA,NA,NA,1999,0,53
6,NA,NA,NA,NA,1999,0,54
6,NA,NA,NA,NA,1999,0,55
6,NA,NA,NA,NA,1999,0,56
3,NA,NA,NA,NA,1999,0,57
6,NA,NA,NA,NA,1999,0,58
NA,NA,NA,NA,NA,1999,0,59
2,NA,NA,NA,NA,1999,0,60
6,NA,NA,NA,NA,1999,0,61
6,6,6,NA,NA,1999,0,62
2,2,6,NA,NA,1999,0,63
6,NA,NA,NA,NA,1999,0,64
6,6,6,NA,NA,2000,1,1
1,1,1,NA,NA,2000,1,2
3,6,6,2,NA,2000,1,3
6,6,6,NA,NA,2000,1,4
4,6,1,NA,NA,2000,1,5
4,2,4,4,4,2000,1,6
4,4,6,NA,NA,2000,1,7
2,4,NA,NA,NA,2000,1,8
6,6,6,6,4,2000,1,9
4,4,NA,NA,NA,2000,1,10
1,4,1,NA,NA,2000,1,11
6,6,6,6,1,2000,1,12
NA,NA,NA,NA,NA,2000,0,13
6,NA,NA,NA,NA,2000,0,14
6,NA,NA,NA,NA,2000,0,15
6,2,NA,NA,NA,2000,0,16
6,NA,NA,NA,NA,2000,0,17
4,5,2,NA,NA,2000,0,18
6,NA,NA,NA,NA,2000,0,19
6,2,NA,NA,NA,2000,0,20
3,2,NA,NA,NA,2000,0,21
6,6,6,NA,NA,2000,0,22
6,NA,NA,NA,NA,2000,0,23
NA,NA,NA,NA,NA,2000,0,24
4,NA,NA,NA,NA,2000,0,25
6,NA,NA,NA,NA,2000,0,26
6,NA,NA,NA,NA,2000,0,27
6,NA,NA,NA,NA,2000,0,28
6,NA,NA,NA,NA,2000,0,29
6,NA,NA,NA,NA,2000,0,30
6,6,NA,NA,NA,2000,0,31
6,NA,NA,NA,NA,2000,0,32
2,3,NA,NA,NA,2000,0,33
3,2,3,NA,NA,2000,0,34
6,6,NA,NA,NA,2000,0,35
2,3,NA,NA,NA,2000,0,36
2,NA,NA,NA,NA,2000,0,37
6,NA,NA,NA,NA,2000,0,38
6,NA,NA,NA,NA,2000,0,39
6,6,NA,NA,NA,2000,0,40
6,6,NA,NA,NA,2000,0,41
6,NA,NA,NA,NA,2000,0,42
2,3,NA,NA,NA,2000,0,43
6,6,NA,NA,NA,2000,0,44
2,2,NA,NA,NA,2000,0,45
6,NA,NA,NA,NA,2000,0,46
6,6,NA,NA,NA,2000,0,47
6,NA,NA,NA,NA,2000,0,48
3,NA,NA,NA,NA,2000,0,49
6,6,6,NA,NA,2000,0,50
6,6,NA,NA,NA,2000,0,51
6,6,6,NA,NA,2000,0,52
3,NA,NA,NA,NA,2000,0,53
1,NA,NA,NA,NA,2000,0,54
1,NA,NA,NA,NA,2000,0,55
6,NA,NA,NA,NA,2000,0,56
6,6,6,NA,NA,2000,0,57
6,NA,NA,NA,NA,2000,0,58
6,NA,NA,NA,NA,2000,0,59
2,NA,NA,NA,NA,2000,0,60
6,NA,NA,NA,NA,2000,0,61
6,6,6,NA,NA,2000,0,62
3,6,NA,NA,NA,2000,0,63
6,NA,NA,NA,NA,2000,0,64
6,6,6,NA,NA,2001,1,1
1,4,4,NA,NA,2001,1,2
4,2,4,6,NA,2001,1,3
3,3,6,NA,NA,2001,1,4
5,1,6,NA,NA,2001,1,5
1,4,4,4,4,2001,1,6
1,1,1,NA,NA,2001,1,7
4,4,NA,NA,NA,2001,1,8
4,6,1,4,1,2001,1,9
5,1,NA,NA,NA,2001,1,10
1,1,1,NA,NA,2001,1,11
1,6,6,1,6,2001,1,12
6,6,NA,NA,NA,2001,0,13
6,NA,NA,NA,NA,2001,0,14
6,NA,NA,NA,NA,2001,0,15
6,6,NA,NA,NA,2001,0,16
6,NA,NA,NA,NA,2001,0,17
2,4,3,NA,NA,2001,0,18
6,6,6,NA,NA,2001,0,19
4,6,NA,NA,NA,2001,0,20
2,5,NA,NA,NA,2001,0,21
6,NA,NA,NA,NA,2001,0,22
6,NA,NA,NA,NA,2001,0,23
6,6,NA,NA,NA,2001,0,24
2,NA,NA,NA,NA,2001,0,25
6,NA,NA,NA,NA,2001,0,26
6,NA,NA,NA,NA,2001,0,27
6,NA,NA,NA,NA,2001,0,28
6,NA,NA,NA,NA,2001,0,29
6,6,6,NA,NA,2001,0,30
1,6,NA,NA,NA,2001,0,31
6,NA,NA,NA,NA,2001,0,32
3,6,NA,NA,NA,2001,0,33
6,6,6,NA,NA,2001,0,34
6,NA,NA,NA,NA,2001,0,35
3,3,NA,NA,NA,2001,0,36
3,NA,NA,NA,NA,2001,0,37
6,NA,NA,NA,NA,2001,0,38
6,NA,NA,NA,NA,2001,0,39
6,6,NA,NA,NA,2001,0,40
6,6,NA,NA,NA,2001,0,41
6,NA,NA,NA,NA,2001,0,42
6,2,NA,NA,NA,2001,0,43
6,6,NA,NA,NA,2001,0,44
2,2,NA,NA,NA,2001,0,45
6,NA,NA,NA,NA,2001,0,46
6,6,NA,NA,NA,2001,0,47
6,NA,NA,NA,NA,2001,0,48
2,NA,NA,NA,NA,2001,0,49
6,6,6,NA,NA,2001,0,50
6,6,NA,NA,NA,2001,0,51
6,NA,NA,NA,NA,2001,0,52
6,NA,NA,NA,NA,2001,0,53
6,NA,NA,NA,NA,2001,0,54
6,NA,NA,NA,NA,2001,0,55
6,NA,NA,NA,NA,2001,0,56
6,6,6,NA,NA,2001,0,57
6,NA,NA,NA,NA,2001,0,58
6,NA,NA,NA,NA,2001,0,59
6,NA,NA,NA,NA,2001,0,60
6,NA,NA,NA,NA,2001,0,61
NA,NA,NA,NA,NA,2001,0,62
3,2,NA,NA,NA,2001,0,63
6,NA,NA,NA,NA,2001,0,64
3,5,6,NA,NA,2002,1,1
1,6,1,NA,NA,2002,1,2
5,2,6,3,NA,2002,1,3
6,5,5,NA,NA,2002,1,4
1,5,1,NA,NA,2002,1,5
5,6,1,4,5,2002,1,6
4,5,1,NA,NA,2002,1,7
4,2,NA,NA,NA,2002,1,8
6,5,1,2,1,2002,1,9
4,5,NA,NA,NA,2002,1,10
6,6,6,NA,NA,2002,1,11
6,6,6,1,1,2002,1,12
NA,NA,NA,NA,NA,2002,0,13
6,NA,NA,NA,NA,2002,0,14
6,6,6,NA,NA,2002,0,15
6,6,6,NA,NA,2002,0,16
6,NA,NA,NA,NA,2002,0,17
6,2,2,NA,NA,2002,0,18
6,6,6,NA,NA,2002,0,19
6,6,NA,NA,NA,2002,0,20
4,4,NA,NA,NA,2002,0,21
6,6,6,NA,NA,2002,0,22
6,6,6,NA,NA,2002,0,23
6,6,NA,NA,NA,2002,0,24
5,NA,NA,NA,NA,2002,0,25
6,NA,NA,NA,NA,2002,0,26
6,6,6,NA,NA,2002,0,27
6,NA,NA,NA,NA,2002,0,28
NA,NA,NA,NA,NA,2002,0,29
6,6,6,NA,NA,2002,0,30
1,1,NA,NA,NA,2002,0,31
6,NA,NA,NA,NA,2002,0,32
3,3,NA,NA,NA,2002,0,33
6,6,6,NA,NA,2002,0,34
6,6,NA,NA,NA,2002,0,35
3,3,NA,NA,NA,2002,0,36
2,NA,NA,NA,NA,2002,0,37
6,NA,NA,NA,NA,2002,0,38
6,NA,NA,NA,NA,2002,0,39
6,6,NA,NA,NA,2002,0,40
6,6,NA,NA,NA,2002,0,41
6,NA,NA,NA,NA,2002,0,42
4,2,NA,NA,NA,2002,0,43
6,6,NA,NA,NA,2002,0,44
6,6,NA,NA,NA,2002,0,45
6,NA,NA,NA,NA,2002,0,46
6,6,NA,NA,NA,2002,0,47
6,NA,NA,NA,NA,2002,0,48
2,NA,NA,NA,NA,2002,0,49
6,6,6,NA,NA,2002,0,50
6,6,NA,NA,NA,2002,0,51
6,NA,NA,NA,NA,2002,0,52
3,NA,NA,NA,NA,2002,0,53
6,NA,NA,NA,NA,2002,0,54
6,NA,NA,NA,NA,2002,0,55
6,NA,NA,NA,NA,2002,0,56
6,6,6,NA,NA,2002,0,57
6,NA,NA,NA,NA,2002,0,58
6,NA,NA,NA,NA,2002,0,59
2,NA,NA,NA,NA,2002,0,60
6,NA,NA,NA,NA,2002,0,61
NA,NA,NA,NA,NA,2002,0,62
3,NA,NA,NA,NA,2002,0,63
6,NA,NA,NA,NA,2002,0,64
6,6,6,NA,NA,2003,1,1
1,1,1,NA,NA,2003,1,2
4,6,4,6,NA,2003,1,3
6,6,6,NA,NA,2003,1,4
6,6,6,NA,NA,2003,1,5
6,6,6,NA,NA,2003,1,6
6,6,6,NA,NA,2003,1,7
4,5,NA,NA,NA,2003,1,8
1,1,1,4,4,2003,1,9
1,6,NA,NA,NA,2003,1,10
1,1,4,NA,NA,2003,1,11
1,6,6,5,6,2003,1,12
6,6,NA,NA,NA,2003,0,13
6,6,NA,NA,NA,2003,0,14
6,NA,NA,NA,NA,2003,0,15
6,6,6,NA,NA,2003,0,16
6,NA,NA,NA,NA,2003,0,17
6,6,6,NA,NA,2003,0,18
6,6,6,NA,NA,2003,0,19
4,4,NA,NA,NA,2003,0,20
4,4,NA,NA,NA,2003,0,21
6,NA,NA,NA,NA,2003,0,22
6,NA,NA,NA,NA,2003,0,23
6,6,NA,NA,NA,2003,0,24
5,NA,NA,NA,NA,2003,0,25
6,NA,NA,NA,NA,2003,0,26
6,NA,NA,NA,NA,2003,0,27
6,NA,NA,NA,NA,2003,0,28
6,NA,NA,NA,NA,2003,0,29
6,NA,NA,NA,NA,2003,0,30
6,6,NA,NA,NA,2003,0,31
6,NA,NA,NA,NA,2003,0,32
2,2,NA,NA,NA,2003,0,33
6,6,6,NA,NA,2003,0,34
6,6,6,NA,NA,2003,0,35
3,3,NA,NA,NA,2003,0,36
NA,NA,NA,NA,NA,2003,0,37
6,NA,NA,NA,NA,2003,0,38
6,NA,NA,NA,NA,2003,0,39
6,6,NA,NA,NA,2003,0,40
6,2,NA,NA,NA,2003,0,41
6,NA,NA,NA,NA,2003,0,42
6,6,NA,NA,NA,2003,0,43
6,6,NA,NA,NA,2003,0,44
6,6,NA,NA,NA,2003,0,45
6,NA,NA,NA,NA,2003,0,46
6,6,NA,NA,NA,2003,0,47
6,NA,NA,NA,NA,2003,0,48
6,NA,NA,NA,NA,2003,0,49
NA,NA,NA,NA,NA,2003,0,50
6,6,NA,NA,NA,2003,0,51
6,NA,NA,NA,NA,2003,0,52
2,NA,NA,NA,NA,2003,0,53
6,NA,NA,NA,NA,2003,0,54
6,NA,NA,NA,NA,2003,0,55
6,NA,NA,NA,NA,2003,0,56
6,NA,NA,NA,NA,2003,0,57
6,NA,NA,NA,NA,2003,0,58
6,NA,NA,NA,NA,2003,0,59
6,NA,NA,NA,NA,2003,0,60
6,NA,NA,NA,NA,2003,0,61
6,NA,NA,NA,NA,2003,0,62
6,2,6,NA,NA,2003,0,63
6,NA,NA,NA,NA,2003,0,64
6,1,6,NA,NA,2004,1,1
6,6,6,NA,NA,2004,1,2
4,6,1,6,NA,2004,1,3
6,6,6,NA,NA,2004,1,4
2,5,2,NA,NA,2004,1,5
4,6,4,4,3,2004,1,6
1,6,6,NA,NA,2004,1,7
1,6,NA,NA,NA,2004,1,8
1,1,6,6,2,2004,1,9
6,4,NA,NA,NA,2004,1,10
1,1,6,NA,NA,2004,1,11
1,6,1,1,4,2004,1,12
6,6,NA,NA,NA,2004,0,13
6,6,NA,NA,NA,2004,0,14
6,NA,NA,NA,NA,2004,0,15
6,6,NA,NA,NA,2004,0,16
6,NA,NA,NA,NA,2004,0,17
6,6,6,NA,NA,2004,0,18
6,NA,NA,NA,NA,2004,0,19
4,1,NA,NA,NA,2004,0,20
4,4,NA,NA,NA,2004,0,21
6,NA,NA,NA,NA,2004,0,22
6,NA,NA,NA,NA,2004,0,23
6,6,NA,NA,NA,2004,0,24
6,NA,NA,NA,NA,2004,0,25
6,NA,NA,NA,NA,2004,0,26
6,NA,NA,NA,NA,2004,0,27
6,NA,NA,NA,NA,2004,0,28
6,NA,NA,NA,NA,2004,0,29
6,NA,NA,NA,NA,2004,0,30
6,6,NA,NA,NA,2004,0,31
6,6,NA,NA,NA,2004,0,32
6,2,NA,NA,NA,2004,0,33
6,6,6,NA,NA,2004,0,34
6,6,NA,NA,NA,2004,0,35
2,NA,NA,NA,NA,2004,0,36
2,NA,NA,NA,NA,2004,0,37
6,NA,NA,NA,NA,2004,0,38
6,NA,NA,NA,NA,2004,0,39
6,6,NA,NA,NA,2004,0,40
2,6,NA,NA,NA,2004,0,41
6,NA,NA,NA,NA,2004,0,42
6,4,NA,NA,NA,2004,0,43
6,6,NA,NA,NA,2004,0,44
6,6,NA,NA,NA,2004,0,45
6,NA,NA,NA,NA,2004,0,46
6,6,NA,NA,NA,2004,0,47
6,NA,NA,NA,NA,2004,0,48
6,NA,NA,NA,NA,2004,0,49
6,NA,NA,NA,NA,2004,0,50
6,6,NA,NA,NA,2004,0,51
6,NA,NA,NA,NA,2004,0,52
3,NA,NA,NA,NA,2004,0,53
6,NA,NA,NA,NA,2004,0,54
6,NA,NA,NA,NA,2004,0,55
6,NA,NA,NA,NA,2004,0,56
6,6,NA,NA,NA,2004,0,57
6,NA,NA,NA,NA,2004,0,58
6,NA,NA,NA,NA,2004,0,59
6,NA,NA,NA,NA,2004,0,60
6,NA,NA,NA,NA,2004,0,61
6,NA,NA,NA,NA,2004,0,62
3,2,2,NA,NA,2004,0,63
6,NA,NA,NA,NA,2004,0,64
2,4,4,NA,NA,2005,1,1
6,6,1,NA,NA,2005,1,2
2,6,3,2,NA,2005,1,3
6,6,2,NA,NA,2005,1,4
2,6,4,NA,NA,2005,1,5
4,2,4,2,6,2005,1,6
6,6,1,NA,NA,2005,1,7
6,2,NA,NA,NA,2005,1,8
2,1,6,6,4,2005,1,9
4,1,NA,NA,NA,2005,1,10
1,4,4,NA,NA,2005,1,11
6,6,4,6,6,2005,1,12
6,6,NA,NA,NA,2005,0,13
6,6,NA,NA,NA,2005,0,14
6,NA,NA,NA,NA,2005,0,15
6,6,NA,NA,NA,2005,0,16
6,NA,NA,NA,NA,2005,0,17
6,6,6,NA,NA,2005,0,18
6,NA,NA,NA,NA,2005,0,19
1,4,NA,NA,NA,2005,0,20
2,2,NA,NA,NA,2005,0,21
2,NA,NA,NA,NA,2005,0,22
6,NA,NA,NA,NA,2005,0,23
6,6,NA,NA,NA,2005,0,24
4,NA,NA,NA,NA,2005,0,25
6,NA,NA,NA,NA,2005,0,26
6,NA,NA,NA,NA,2005,0,27
6,NA,NA,NA,NA,2005,0,28
6,6,6,NA,NA,2005,0,29
6,6,6,NA,NA,2005,0,30
6,6,NA,NA,NA,2005,0,31
6,6,6,NA,NA,2005,0,32
2,2,NA,NA,NA,2005,0,33
6,6,6,NA,NA,2005,0,34
6,6,6,NA,NA,2005,0,35
2,2,NA,NA,NA,2005,0,36
2,NA,NA,NA,NA,2005,0,37
6,NA,NA,NA,NA,2005,0,38
6,NA,NA,NA,NA,2005,0,39
6,6,NA,NA,NA,2005,0,40
6,6,NA,NA,NA,2005,0,41
6,NA,NA,NA,NA,2005,0,42
6,2,NA,NA,NA,2005,0,43
6,6,NA,NA,NA,2005,0,44
6,6,NA,NA,NA,2005,0,45
6,NA,NA,NA,NA,2005,0,46
6,6,NA,NA,NA,2005,0,47
6,NA,NA,NA,NA,2005,0,48
1,NA,NA,NA,NA,2005,0,49
6,NA,NA,NA,NA,2005,0,50
6,6,NA,NA,NA,2005,0,51
2,NA,NA,NA,NA,2005,0,52
6,NA,NA,NA,NA,2005,0,53
6,NA,NA,NA,NA,2005,0,54
2,NA,NA,NA,NA,2005,0,55
6,NA,NA,NA,NA,2005,0,56
2,6,NA,NA,NA,2005,0,57
6,NA,NA,NA,NA,2005,0,58
6,NA,NA,NA,NA,2005,0,59
6,NA,NA,NA,NA,2005,0,60
6,NA,NA,NA,NA,2005,0,61
6,6,6,NA,NA,2005,0,62
2,2,6,NA,NA,2005,0,63
6,NA,NA,NA,NA,2005,0,64
6,6,6,3,NA,2006,1,1
1,1,6,NA,NA,2006,1,2
1,6,6,2,NA,2006,1,3
3,2,3,NA,NA,2006,1,4
4,6,6,NA,NA,2006,1,5
2,6,6,6,2,2006,1,6
4,6,6,NA,NA,2006,1,7
2,2,NA,NA,NA,2006,1,8
6,1,1,6,6,2006,1,9
6,6,NA,NA,NA,2006,1,10
1,4,4,NA,NA,2006,1,11
1,6,6,1,6,2006,1,12
6,NA,NA,NA,NA,2006,0,13
6,6,NA,NA,NA,2006,0,14
6,NA,NA,NA,NA,2006,0,15
6,6,NA,NA,NA,2006,0,16
6,NA,NA,NA,NA,2006,0,17
6,1,6,NA,NA,2006,0,18
6,6,6,NA,NA,2006,0,19
1,4,NA,NA,NA,2006,0,20
1,4,NA,NA,NA,2006,0,21
6,6,6,NA,NA,2006,0,22
6,NA,NA,NA,NA,2006,0,23
6,6,NA,NA,NA,2006,0,24
2,NA,NA,NA,NA,2006,0,25
6,NA,NA,NA,NA,2006,0,26
6,6,6,NA,NA,2006,0,27
6,NA,NA,NA,NA,2006,0,28
6,NA,NA,NA,NA,2006,0,29
6,NA,NA,NA,NA,2006,0,30
6,6,NA,NA,NA,2006,0,31
6,6,6,NA,NA,2006,0,32
2,6,NA,NA,NA,2006,0,33
6,6,2,NA,NA,2006,0,34
6,NA,NA,NA,NA,2006,0,35
6,2,NA,NA,NA,2006,0,36
6,3,3,NA,NA,2006,0,37
6,NA,NA,NA,NA,2006,0,38
6,NA,NA,NA,NA,2006,0,39
6,6,NA,NA,NA,2006,0,40
6,6,NA,NA,NA,2006,0,41
6,NA,NA,NA,NA,2006,0,42
6,6,5,6,NA,2006,0,43
6,2,NA,NA,NA,2006,0,44
6,6,NA,NA,NA,2006,0,45
6,NA,NA,NA,NA,2006,0,46
6,6,NA,NA,NA,2006,0,47
6,NA,NA,NA,NA,2006,0,48
6,NA,NA,NA,NA,2006,0,49
6,NA,NA,NA,NA,2006,0,50
6,6,NA,NA,NA,2006,0,51
6,NA,NA,NA,NA,2006,0,52
6,NA,NA,NA,NA,2006,0,53
6,NA,NA,NA,NA,2006,0,54
2,NA,NA,NA,NA,2006,0,55
6,NA,NA,NA,NA,2006,0,56
6,6,NA,NA,NA,2006,0,57
6,6,6,NA,NA,2006,0,58
6,NA,NA,NA,NA,2006,0,59
6,NA,NA,NA,NA,2006,0,60
6,NA,NA,NA,NA,2006,0,61
6,NA,NA,NA,NA,2006,0,62
2,6,3,3,3,2006,0,63
6,NA,NA,NA,NA,2006,0,64
6,6,NA,NA,NA,2007,1,1
6,6,6,NA,NA,2007,1,2
2,6,4,4,NA,2007,1,3
2,2,2,2,NA,2007,1,4
4,5,4,NA,NA,2007,1,5
4,4,2,6,1,2007,1,6
6,4,6,NA,NA,2007,1,7
6,6,NA,NA,NA,2007,1,8
6,1,1,4,1,2007,1,9
4,1,NA,NA,NA,2007,1,10
1,4,1,NA,NA,2007,1,11
6,6,1,6,6,2007,1,12
6,6,6,NA,NA,2007,0,13
6,6,NA,NA,NA,2007,0,14
6,NA,NA,NA,NA,2007,0,15
6,6,NA,NA,NA,2007,0,16
6,NA,NA,NA,NA,2007,0,17
2,2,2,3,3,2007,0,18
6,NA,NA,NA,NA,2007,0,19
6,6,NA,NA,NA,2007,0,20
4,4,NA,NA,NA,2007,0,21
6,NA,NA,NA,NA,2007,0,22
6,NA,NA,NA,NA,2007,0,23
6,6,NA,NA,NA,2007,0,24
2,NA,NA,NA,NA,2007,0,25
6,NA,NA,NA,NA,2007,0,26
6,NA,NA,NA,NA,2007,0,27
6,NA,NA,NA,NA,2007,0,28
6,NA,NA,NA,NA,2007,0,29
6,NA,NA,NA,NA,2007,0,30
6,6,NA,NA,NA,2007,0,31
6,NA,NA,NA,NA,2007,0,32
2,6,NA,NA,NA,2007,0,33
6,6,6,NA,NA,2007,0,34
6,6,NA,NA,NA,2007,0,35
2,6,NA,NA,NA,2007,0,36
6,2,NA,NA,NA,2007,0,37
6,NA,NA,NA,NA,2007,0,38
6,NA,NA,NA,NA,2007,0,39
6,6,NA,NA,NA,2007,0,40
6,6,NA,NA,NA,2007,0,41
6,NA,NA,NA,NA,2007,0,42
2,4,6,6,NA,2007,0,43
6,6,NA,NA,NA,2007,0,44
6,6,NA,NA,NA,2007,0,45
6,NA,NA,NA,NA,2007,0,46
6,6,NA,NA,NA,2007,0,47
6,NA,NA,NA,NA,2007,0,48
6,NA,NA,NA,NA,2007,0,49
6,6,6,NA,NA,2007,0,50
6,6,NA,NA,NA,2007,0,51
6,NA,NA,NA,NA,2007,0,52
6,NA,NA,NA,NA,2007,0,53
6,NA,NA,NA,NA,2007,0,54
6,NA,NA,NA,NA,2007,0,55
6,NA,NA,NA,NA,2007,0,56
6,6,NA,NA,NA,2007,0,57
6,NA,NA,NA,NA,2007,0,58
6,NA,NA,NA,NA,2007,0,59
6,NA,NA,NA,NA,2007,0,60
6,NA,NA,NA,NA,2007,0,61
6,NA,NA,NA,NA,2007,0,62
6,6,6,3,NA,2007,0,63
6,NA,NA,NA,NA,2007,0,64
6,6,6,NA,NA,2008,1,1
1,1,1,NA,NA,2008,1,2
2,2,1,4,NA,2008,1,3
6,6,6,NA,NA,2008,1,4
4,6,1,NA,NA,2008,1,5
6,3,6,5,1,2008,1,6
6,6,6,NA,NA,2008,1,7
1,6,NA,NA,NA,2008,1,8
4,4,1,1,1,2008,1,9
1,4,NA,NA,NA,2008,1,10
4,4,4,5,NA,2008,1,11
1,6,1,6,1,2008,1,12
6,6,NA,NA,NA,2008,0,13
6,NA,NA,NA,NA,2008,0,14
6,NA,NA,NA,NA,2008,0,15
3,NA,NA,NA,NA,2008,0,16
6,NA,NA,NA,NA,2008,0,17
3,3,3,3,2,2008,0,18
6,NA,NA,NA,NA,2008,0,19
1,1,NA,NA,NA,2008,0,20
6,6,NA,NA,NA,2008,0,21
6,6,NA,NA,NA,2008,0,22
6,NA,NA,NA,NA,2008,0,23
6,6,NA,NA,NA,2008,0,24
6,NA,NA,NA,NA,2008,0,25
2,1,6,NA,NA,2008,0,26
6,NA,NA,NA,NA,2008,0,27
6,NA,NA,NA,NA,2008,0,28
6,NA,NA,NA,NA,2008,0,29
6,6,6,NA,NA,2008,0,30
1,6,NA,NA,NA,2008,0,31
6,6,6,NA,NA,2008,0,32
2,6,6,NA,NA,2008,0,33
6,6,6,NA,NA,2008,0,34
6,6,NA,NA,NA,2008,0,35
2,6,NA,NA,NA,2008,0,36
6,NA,NA,NA,NA,2008,0,37
6,NA,NA,NA,NA,2008,0,38
6,NA,NA,NA,NA,2008,0,39
6,6,NA,NA,NA,2008,0,40
6,6,NA,NA,NA,2008,0,41
2,NA,NA,NA,NA,2008,0,42
6,1,6,2,2,2008,0,43
2,6,NA,NA,NA,2008,0,44
6,6,NA,NA,NA,2008,0,45
6,NA,NA,NA,NA,2008,0,46
6,6,NA,NA,NA,2008,0,47
6,NA,NA,NA,NA,2008,0,48
6,NA,NA,NA,NA,2008,0,49
6,6,6,NA,NA,2008,0,50
6,6,NA,NA,NA,2008,0,51
6,NA,NA,NA,NA,2008,0,52
6,NA,NA,NA,NA,2008,0,53
6,NA,NA,NA,NA,2008,0,54
6,NA,NA,NA,NA,2008,0,55
6,NA,NA,NA,NA,2008,0,56
6,6,NA,NA,NA,2008,0,57
6,6,6,NA,NA,2008,0,58
6,NA,NA,NA,NA,2008,0,59
6,NA,NA,NA,NA,2008,0,60
6,NA,NA,NA,NA,2008,0,61
6,NA,NA,NA,NA,2008,0,62
2,NA,NA,NA,NA,2008,0,63
6,6,6,NA,NA,2008,0,64
6,6,6,NA,NA,2009,1,1
6,6,1,NA,NA,2009,1,2
5,4,4,6,NA,2009,1,3
6,6,6,3,3,2009,1,4
5,1,1,NA,NA,2009,1,5
6,4,5,6,6,2009,1,6
6,6,2,NA,NA,2009,1,7
1,1,NA,NA,NA,2009,1,8
5,2,1,1,4,2009,1,9
4,5,NA,NA,NA,2009,1,10
1,4,4,NA,NA,2009,1,11
1,1,6,6,1,2009,1,12
6,6,NA,NA,NA,2009,0,13
6,6,NA,NA,NA,2009,0,14
2,NA,NA,NA,NA,2009,0,15
6,6,NA,NA,NA,2009,0,16
6,NA,NA,NA,NA,2009,0,17
4,3,2,NA,NA,2009,0,18
3,NA,NA,NA,NA,2009,0,19
6,4,NA,NA,NA,2009,0,20
6,6,NA,NA,NA,2009,0,21
6,6,6,NA,NA,2009,0,22
6,NA,NA,NA,NA,2009,0,23
6,6,NA,NA,NA,2009,0,24
4,NA,NA,NA,NA,2009,0,25
6,6,6,NA,NA,2009,0,26
6,NA,NA,NA,NA,2009,0,27
3,NA,NA,NA,NA,2009,0,28
6,6,6,NA,NA,2009,0,29
6,6,6,NA,NA,2009,0,30
6,1,NA,NA,NA,2009,0,31
6,6,6,NA,NA,2009,0,32
6,6,NA,NA,NA,2009,0,33
6,6,6,NA,NA,2009,0,34
6,6,NA,NA,NA,2009,0,35
2,5,NA,NA,NA,2009,0,36
6,NA,NA,NA,NA,2009,0,37
6,NA,NA,NA,NA,2009,0,38
6,NA,NA,NA,NA,2009,0,39
6,6,NA,NA,NA,2009,0,40
6,6,NA,NA,NA,2009,0,41
6,NA,NA,NA,NA,2009,0,42
6,3,NA,NA,NA,2009,0,43
6,6,NA,NA,NA,2009,0,44
1,6,NA,NA,NA,2009,0,45
6,NA,NA,NA,NA,2009,0,46
6,6,NA,NA,NA,2009,0,47
6,NA,NA,NA,NA,2009,0,48
3,3,NA,NA,NA,2009,0,49
6,NA,NA,NA,NA,2009,0,50
6,6,NA,NA,NA,2009,0,51
6,NA,NA,NA,NA,2009,0,52
6,6,6,NA,NA,2009,0,53
6,NA,NA,NA,NA,2009,0,54
6,NA,NA,NA,NA,2009,0,55
6,NA,NA,NA,NA,2009,0,56
6,6,6,NA,NA,2009,0,57
6,2,6,NA,NA,2009,0,58
6,NA,NA,NA,NA,2009,0,59
6,NA,NA,NA,NA,2009,0,60
6,6,6,NA,NA,2009,0,61
3,3,NA,NA,NA,2009,0,62
6,6,6,NA,NA,2009,0,63
6,6,3,NA,NA,2009,0,64
NA,NA,NA,NA,NA,2010,1,1
NA,NA,NA,NA,NA,2010,1,2
NA,NA,NA,NA,NA,2010,1,3
NA,NA,NA,NA,NA,2010,1,4
NA,NA,NA,NA,NA,2010,1,5
NA,NA,NA,NA,NA,2010,1,6
NA,NA,NA,NA,NA,2010,1,7
NA,NA,NA,NA,NA,2010,1,8
NA,NA,NA,NA,NA,2010,1,9
NA,NA,NA,NA,NA,2010,1,10
5,5,5,NA,NA,2010,1,11
NA,NA,NA,NA,NA,2010,1,12
6,6,6,NA,NA,2010,0,13
6,6,6,NA,NA,2010,0,14
5,NA,NA,NA,NA,2010,0,15
6,NA,NA,NA,NA,2010,0,16
6,NA,NA,NA,NA,2010,0,17
3,3,3,NA,NA,2010,0,18
3,NA,NA,NA,NA,2010,0,19
6,1,NA,NA,NA,2010,0,20
6,4,NA,NA,NA,2010,0,21
6,6,6,NA,NA,2010,0,22
6,NA,NA,NA,NA,2010,0,23
6,6,NA,NA,NA,2010,0,24
5,NA,NA,NA,NA,2010,0,25
6,NA,NA,NA,NA,2010,0,26
6,NA,NA,NA,NA,2010,0,27
6,NA,NA,NA,NA,2010,0,28
6,NA,NA,NA,NA,2010,0,29
6,NA,NA,NA,NA,2010,0,30
2,6,NA,NA,NA,2010,0,31
3,6,NA,NA,NA,2010,0,32
3,2,NA,NA,NA,2010,0,33
2,2,6,NA,NA,2010,0,34
6,6,NA,NA,NA,2010,0,35
2,3,NA,NA,NA,2010,0,36
2,NA,NA,NA,NA,2010,0,37
6,NA,NA,NA,NA,2010,0,38
6,NA,NA,NA,NA,2010,0,39
6,6,NA,NA,NA,2010,0,40
6,6,NA,NA,NA,2010,0,41
2,NA,NA,NA,NA,2010,0,42
6,6,2,NA,NA,2010,0,43
2,6,NA,NA,NA,2010,0,44
6,6,NA,NA,NA,2010,0,45
6,NA,NA,NA,NA,2010,0,46
6,6,NA,NA,NA,2010,0,47
6,NA,NA,NA,NA,2010,0,48
3,NA,NA,NA,NA,2010,0,49
6,6,6,NA,NA,2010,0,50
6,6,NA,NA,NA,2010,0,51
6,NA,NA,NA,NA,2010,0,52
3,NA,NA,NA,NA,2010,0,53
6,NA,NA,NA,NA,2010,0,54
NA,NA,NA,NA,NA,2010,0,55
6,NA,NA,NA,NA,2010,0,56
6,6,NA,NA,NA,2010,0,57
3,NA,NA,NA,NA,2010,0,58
6,NA,NA,NA,NA,2010,0,59
6,NA,NA,NA,NA,2010,0,60
6,NA,NA,NA,NA,2010,0,61
6,NA,NA,NA,NA,2010,0,62
6,6,6,NA,NA,2010,0,63
3,6,NA,NA,NA,2010,0,64
